{"timestamp": "2024-11-30 08:08:20.280598+00:00", "score": {"cos_score": {"count": {"watsonx+ibm/granite-3-8b-instruct_ols": 797.0, "openai+gpt-4o-mini_ols": 797.0, "azure_openai+gpt-4o-mini_ols": 797.0}, "mean": {"watsonx+ibm/granite-3-8b-instruct_ols": 0.852388280632856, "openai+gpt-4o-mini_ols": 0.8441787160891665, "azure_openai+gpt-4o-mini_ols": 0.8458161722589639}, "std": {"watsonx+ibm/granite-3-8b-instruct_ols": 0.111138902244465, "openai+gpt-4o-mini_ols": 0.14069886524721817, "azure_openai+gpt-4o-mini_ols": 0.13660303152272707}, "min": {"watsonx+ibm/granite-3-8b-instruct_ols": 0.0973607924268417, "openai+gpt-4o-mini_ols": 0.0319351775908925, "azure_openai+gpt-4o-mini_ols": 0.0319351775908925}, "25%": {"watsonx+ibm/granite-3-8b-instruct_ols": 0.798469812286996, "openai+gpt-4o-mini_ols": 0.7918975236042589, "azure_openai+gpt-4o-mini_ols": 0.8001762200868726}, "50%": {"watsonx+ibm/granite-3-8b-instruct_ols": 0.8757008125229692, "openai+gpt-4o-mini_ols": 0.8843248704461385, "azure_openai+gpt-4o-mini_ols": 0.8830426814382717}, "75%": {"watsonx+ibm/granite-3-8b-instruct_ols": 0.9352673993239062, "openai+gpt-4o-mini_ols": 0.9391280313763004, "azure_openai+gpt-4o-mini_ols": 0.9371806539304778}, "max": {"watsonx+ibm/granite-3-8b-instruct_ols": 1.0, "openai+gpt-4o-mini_ols": 1.0, "azure_openai+gpt-4o-mini_ols": 1.0}}, "euc_score": {"count": {"watsonx+ibm/granite-3-8b-instruct_ols": 797.0, "openai+gpt-4o-mini_ols": 797.0, "azure_openai+gpt-4o-mini_ols": 797.0}, "mean": {"watsonx+ibm/granite-3-8b-instruct_ols": 0.4946640597071842, "openai+gpt-4o-mini_ols": 0.4894468915439377, "azure_openai+gpt-4o-mini_ols": 0.4908576025489366}, "std": {"watsonx+ibm/granite-3-8b-instruct_ols": 0.19977265698838564, "openai+gpt-4o-mini_ols": 0.2259250958059445, "azure_openai+gpt-4o-mini_ols": 0.22181845020787605}, "min": {"watsonx+ibm/granite-3-8b-instruct_ols": -0.3436065075616228, "openai+gpt-4o-mini_ols": -0.3914487842084662, "azure_openai+gpt-4o-mini_ols": -0.3914487842084662}, "25%": {"watsonx+ibm/granite-3-8b-instruct_ols": 0.3651296210115016, "openai+gpt-4o-mini_ols": 0.3548605100630182, "azure_openai+gpt-4o-mini_ols": 0.367823176323484}, "50%": {"watsonx+ibm/granite-3-8b-instruct_ols": 0.5014035674396795, "openai+gpt-4o-mini_ols": 0.5190111527936254, "azure_openai+gpt-4o-mini_ols": 0.5163527638777361}, "75%": {"watsonx+ibm/granite-3-8b-instruct_ols": 0.6401872579940725, "openai+gpt-4o-mini_ols": 0.651081751993878, "azure_openai+gpt-4o-mini_ols": 0.6455445102768819}, "max": {"watsonx+ibm/granite-3-8b-instruct_ols": 1.0, "openai+gpt-4o-mini_ols": 1.0, "azure_openai+gpt-4o-mini_ols": 1.0}}, "len_score": {"count": {"watsonx+ibm/granite-3-8b-instruct_ols": 797.0, "openai+gpt-4o-mini_ols": 797.0, "azure_openai+gpt-4o-mini_ols": 797.0}, "mean": {"watsonx+ibm/granite-3-8b-instruct_ols": 0.7454462402366119, "openai+gpt-4o-mini_ols": 0.7481858921063125, "azure_openai+gpt-4o-mini_ols": 0.7434201604475088}, "std": {"watsonx+ibm/granite-3-8b-instruct_ols": 0.19739664931027373, "openai+gpt-4o-mini_ols": 0.19645792445259513, "azure_openai+gpt-4o-mini_ols": 0.19463324710852772}, "min": {"watsonx+ibm/granite-3-8b-instruct_ols": 0.1424375917767988, "openai+gpt-4o-mini_ols": 0.1059701492537313, "azure_openai+gpt-4o-mini_ols": 0.1144130757800891}, "25%": {"watsonx+ibm/granite-3-8b-instruct_ols": 0.6195190947666196, "openai+gpt-4o-mini_ols": 0.6230182031708749, "azure_openai+gpt-4o-mini_ols": 0.6241176470588236}, "50%": {"watsonx+ibm/granite-3-8b-instruct_ols": 0.7840861997513469, "openai+gpt-4o-mini_ols": 0.7835616438356164, "azure_openai+gpt-4o-mini_ols": 0.7734627831715211}, "75%": {"watsonx+ibm/granite-3-8b-instruct_ols": 0.9125138427464008, "openai+gpt-4o-mini_ols": 0.9095163806552262, "azure_openai+gpt-4o-mini_ols": 0.9090909090909092}, "max": {"watsonx+ibm/granite-3-8b-instruct_ols": 1.0, "openai+gpt-4o-mini_ols": 1.0, "azure_openai+gpt-4o-mini_ols": 1.0}}, "rougeL_precision": {"count": {"watsonx+ibm/granite-3-8b-instruct_ols": 797.0, "openai+gpt-4o-mini_ols": 797.0, "azure_openai+gpt-4o-mini_ols": 797.0}, "mean": {"watsonx+ibm/granite-3-8b-instruct_ols": 0.4218568184924748, "openai+gpt-4o-mini_ols": 0.40595075000767455, "azure_openai+gpt-4o-mini_ols": 0.40496895438121305}, "std": {"watsonx+ibm/granite-3-8b-instruct_ols": 0.22533986320527913, "openai+gpt-4o-mini_ols": 0.22646311271032898, "azure_openai+gpt-4o-mini_ols": 0.22464167348083727}, "min": {"watsonx+ibm/granite-3-8b-instruct_ols": 0.0285714285714285, "openai+gpt-4o-mini_ols": 0.0, "azure_openai+gpt-4o-mini_ols": 0.0}, "25%": {"watsonx+ibm/granite-3-8b-instruct_ols": 0.2419354838709677, "openai+gpt-4o-mini_ols": 0.2291666666666666, "azure_openai+gpt-4o-mini_ols": 0.2282608695652173}, "50%": {"watsonx+ibm/granite-3-8b-instruct_ols": 0.3815789473684211, "openai+gpt-4o-mini_ols": 0.3571428571428571, "azure_openai+gpt-4o-mini_ols": 0.3529411764705882}, "75%": {"watsonx+ibm/granite-3-8b-instruct_ols": 0.5555555555555556, "openai+gpt-4o-mini_ols": 0.5365853658536586, "azure_openai+gpt-4o-mini_ols": 0.5357142857142857}, "max": {"watsonx+ibm/granite-3-8b-instruct_ols": 1.0, "openai+gpt-4o-mini_ols": 1.0, "azure_openai+gpt-4o-mini_ols": 1.0}}, "rougeL_recall": {"count": {"watsonx+ibm/granite-3-8b-instruct_ols": 797.0, "openai+gpt-4o-mini_ols": 797.0, "azure_openai+gpt-4o-mini_ols": 797.0}, "mean": {"watsonx+ibm/granite-3-8b-instruct_ols": 0.4169164346919011, "openai+gpt-4o-mini_ols": 0.4001411343945784, "azure_openai+gpt-4o-mini_ols": 0.40416444035377586}, "std": {"watsonx+ibm/granite-3-8b-instruct_ols": 0.20314651414416157, "openai+gpt-4o-mini_ols": 0.20879135538920343, "azure_openai+gpt-4o-mini_ols": 0.20792245592095643}, "min": {"watsonx+ibm/granite-3-8b-instruct_ols": 0.0333333333333333, "openai+gpt-4o-mini_ols": 0.0, "azure_openai+gpt-4o-mini_ols": 0.0}, "25%": {"watsonx+ibm/granite-3-8b-instruct_ols": 0.2661290322580645, "openai+gpt-4o-mini_ols": 0.2534246575342466, "azure_openai+gpt-4o-mini_ols": 0.2550335570469799}, "50%": {"watsonx+ibm/granite-3-8b-instruct_ols": 0.3722627737226277, "openai+gpt-4o-mini_ols": 0.3541666666666667, "azure_openai+gpt-4o-mini_ols": 0.3578947368421052}, "75%": {"watsonx+ibm/granite-3-8b-instruct_ols": 0.5245901639344263, "openai+gpt-4o-mini_ols": 0.5163934426229508, "azure_openai+gpt-4o-mini_ols": 0.5238095238095238}, "max": {"watsonx+ibm/granite-3-8b-instruct_ols": 1.0, "openai+gpt-4o-mini_ols": 1.0, "azure_openai+gpt-4o-mini_ols": 1.0}}, "rougeL_f1": {"count": {"watsonx+ibm/granite-3-8b-instruct_ols": 797.0, "openai+gpt-4o-mini_ols": 797.0, "azure_openai+gpt-4o-mini_ols": 797.0}, "mean": {"watsonx+ibm/granite-3-8b-instruct_ols": 0.37919616798470357, "openai+gpt-4o-mini_ols": 0.36704734204186706, "azure_openai+gpt-4o-mini_ols": 0.3677019310602855}, "std": {"watsonx+ibm/granite-3-8b-instruct_ols": 0.17684366074909513, "openai+gpt-4o-mini_ols": 0.18312854734187936, "azure_openai+gpt-4o-mini_ols": 0.18059995926038488}, "min": {"watsonx+ibm/granite-3-8b-instruct_ols": 0.0527086383601757, "openai+gpt-4o-mini_ols": 0.0, "azure_openai+gpt-4o-mini_ols": 0.0}, "25%": {"watsonx+ibm/granite-3-8b-instruct_ols": 0.2535211267605634, "openai+gpt-4o-mini_ols": 0.238095238095238, "azure_openai+gpt-4o-mini_ols": 0.2435897435897435}, "50%": {"watsonx+ibm/granite-3-8b-instruct_ols": 0.3333333333333333, "openai+gpt-4o-mini_ols": 0.3218390804597701, "azure_openai+gpt-4o-mini_ols": 0.3255813953488372}, "75%": {"watsonx+ibm/granite-3-8b-instruct_ols": 0.46875, "openai+gpt-4o-mini_ols": 0.4484848484848484, "azure_openai+gpt-4o-mini_ols": 0.4615384615384615}, "max": {"watsonx+ibm/granite-3-8b-instruct_ols": 1.0, "openai+gpt-4o-mini_ols": 1.0, "azure_openai+gpt-4o-mini_ols": 1.0}}, "answer_relevancy": {"count": {"watsonx+ibm/granite-3-8b-instruct_ols": 797.0, "openai+gpt-4o-mini_ols": 797.0, "azure_openai+gpt-4o-mini_ols": 797.0}, "mean": {"watsonx+ibm/granite-3-8b-instruct_ols": 0.6203521381704684, "openai+gpt-4o-mini_ols": 0.6019313473514024, "azure_openai+gpt-4o-mini_ols": 0.6061870890967826},